"tweet_id","in_reply_to_status_id","in_reply_to_user_id","timestamp","source","text","retweeted_status_id","retweeted_status_user_id","retweeted_status_timestamp","expanded_urls"
"872342618335784960","","","2017-06-07 06:41:02 +0000","<a href=""http://twitter.com/download/iphone"" rel=""nofollow"">Twitter for iPhone</a>","Me and Andrew are going to give the world a little insight as to what really lurks around in the shadows of your everyday lives...","","","",""
"870693092231217158","","","2017-06-02 17:26:24 +0000","<a href=""http://twitter.com/download/iphone"" rel=""nofollow"">Twitter for iPhone</a>","When you're gonna die you gotta die hardcore or not at all!","","","",""
"870147633272238080","","","2017-06-01 05:18:56 +0000","<a href=""http://twitter.com/download/iphone"" rel=""nofollow"">Twitter for iPhone</a>","When Eric Harris notices you... #God https://t.co/1LpjYQQ1I2","","","","https://twitter.com/EGSrachael/status/870147633272238080/photo/1"
"869897251837153281","","727796359814766596","2017-05-31 12:44:01 +0000","<a href=""http://twitter.com/download/iphone"" rel=""nofollow"">Twitter for iPhone</a>","@suicidalREB Hi God. I fucking love you!","","","",""
"869812948285501441","","","2017-05-31 07:09:01 +0000","<a href=""http://twitter.com/download/iphone"" rel=""nofollow"">Twitter for iPhone</a>","This.... https://t.co/bSyRQJA8gD","","","","https://twitter.com/suicidalreb/status/869776322108600320"
"869530804808032256","","","2017-05-30 12:27:53 +0000","<a href=""http://twitter.com/download/iphone"" rel=""nofollow"">Twitter for iPhone</a>","Gunpowder smells better than any flower you could ever give me.","","","",""
"868898575173943296","","","2017-05-28 18:35:38 +0000","<a href=""http://twitter.com/download/iphone"" rel=""nofollow"">Twitter for iPhone</a>","He begged for me to spare him but all that did was make me aim for his head even faster.I wonder if theres still brain matter in the school.","","","",""
"868898087653322752","","","2017-05-28 18:33:42 +0000","<a href=""http://twitter.com/download/iphone"" rel=""nofollow"">Twitter for iPhone</a>","I didn't even know most of the people I killed. I knew Jake; he was a fucking cocksucker. The kid could scream though. Ohh could he scream.üòà","","","",""
"868897059704901632","","","2017-05-28 18:29:37 +0000","<a href=""http://twitter.com/download/iphone"" rel=""nofollow"">Twitter for iPhone</a>","I grew tired of humans telling me what to fucking do..So I pulled out a carbine rifle and blew my classmates heads apart.","","","",""
"868896384543490048","868805605779263489","863737647113613313","2017-05-28 18:26:56 +0000","<a href=""http://twitter.com/download/iphone"" rel=""nofollow"">Twitter for iPhone</a>","@EGSharmony Us? No. The human race? Yes...and it's fucking glorious...üòà","","","",""
"868161801279635458","","","2017-05-26 17:47:57 +0000","<a href=""http://twitter.com/download/iphone"" rel=""nofollow"">Twitter for iPhone</a>","Why am I not in hell? Hell wouldn't have me. üòàüòàüòàüòàüòàüòàüòàüòàüòàüòàüòà I'm more evil than fucking Hitler!","","","",""
"867772545633746944","","","2017-05-25 16:01:11 +0000","<a href=""http://twitter.com/download/iphone"" rel=""nofollow"">Twitter for iPhone</a>","A cocked shotgun sound is music to my ears. Pump action 12 gauges...need I say more...? ‚ù§Ô∏è‚ù§Ô∏è‚ù§Ô∏è‚ù§Ô∏è","","","",""
"867686630894833664","","","2017-05-25 10:19:48 +0000","<a href=""http://twitter.com/download/iphone"" rel=""nofollow"">Twitter for iPhone</a>","Who wants to go shooting?","","","",""
"866642885017567233","","","2017-05-22 13:12:19 +0000","<a href=""http://twitter.com/download/iphone"" rel=""nofollow"">Twitter for iPhone</a>","I don't like Mondays! I don't like Mondays! I don't like Mondays! I wanna shoot the whole day DOWN!","","","",""
"865591797845606402","865296446987399173","863737647113613313","2017-05-19 15:35:41 +0000","<a href=""http://twitter.com/download/iphone"" rel=""nofollow"">Twitter for iPhone</a>","@EGSharmony Bitch I don't cry! I make others cry! üòà","","","",""
"863820274558357504","","","2017-05-14 18:16:17 +0000","<a href=""http://twitter.com/download/iphone"" rel=""nofollow"">Twitter for iPhone</a>","I refuse to acknowledge what today is. Two years without my mother hovering over my shoulders and I've never been happier. üòí","","","",""
"863633899297046529","","","2017-05-14 05:55:41 +0000","<a href=""http://twitter.com/download/iphone"" rel=""nofollow"">Twitter for iPhone</a>","You aren't faster than my bullet...","","","",""
"863313187751546880","","","2017-05-13 08:41:18 +0000","<a href=""http://twitter.com/download/iphone"" rel=""nofollow"">Twitter for iPhone</a>","Idk why but I can picture Wheatus singing Pumped Up Kicks.","","","",""
"862747755848097795","","","2017-05-11 19:14:28 +0000","<a href=""http://twitter.com/download/iphone"" rel=""nofollow"">Twitter for iPhone</a>","There's no better sound than hearing someone scream in terror. It's better than music. I feed off of fear. It's an all you can eat buffet.","","","",""
"862747092573458434","","","2017-05-11 19:11:50 +0000","<a href=""http://twitter.com/download/iphone"" rel=""nofollow"">Twitter for iPhone</a>","I phase through your walls....I watch you sleep....and I follow you into your nightmares...","","","",""
"862746668273422337","","","2017-05-11 19:10:09 +0000","<a href=""http://twitter.com/download/iphone"" rel=""nofollow"">Twitter for iPhone</a>","You know why my last name is Shadows? Because I lurk in the shadows of the darkest corners of your mind. My blue eyes glow in the darkness.","","","",""
"862745984442486784","","","2017-05-11 19:07:26 +0000","<a href=""http://twitter.com/download/iphone"" rel=""nofollow"">Twitter for iPhone</a>","I was once a 20 year old high school student....but now I'm a ghost who haunts your every day lives...","","","",""
"862174335766810625","","","2017-05-10 05:15:54 +0000","<a href=""http://twitter.com/download/iphone"" rel=""nofollow"">Twitter for iPhone</a>","You can't stop what you can't end...üòà","","","",""
"862172281522589696","","","2017-05-10 05:07:44 +0000","<a href=""http://twitter.com/download/iphone"" rel=""nofollow"">Twitter for iPhone</a>","RT @SapphireMae13: Feel like I'm becoming eviler with every passing day... üòà https://t.co/1SvtVeW17z","862076856513822725","834134874470625280","2017-05-09 22:48:33 +0000","https://twitter.com/egsrachael/status/860887651066531840,https://twitter.com/egsrachael/status/860887651066531840"
"860887651066531840","","","2017-05-06 16:03:05 +0000","<a href=""http://twitter.com/download/iphone"" rel=""nofollow"">Twitter for iPhone</a>","Life is a game everyone is destined to lose. Make the most of it. Be EVIL!!!","","","",""
"860210087683657728","860208681950085120","834134874470625280","2017-05-04 19:10:41 +0000","<a href=""http://twitter.com/download/iphone"" rel=""nofollow"">Twitter for iPhone</a>","@SapphireMae13 If it has me in it what's not to like? #BestGhost","","","",""
"860206752540872707","","","2017-05-04 18:57:26 +0000","<a href=""http://twitter.com/download/iphone"" rel=""nofollow"">Twitter for iPhone</a>","THIS....! 0_0 hdhxjxjdcbbsudukkk42099shxj60917dgejakdmnffs https://t.co/yJqKcVjKdx","","","","https://twitter.com/egsworld/status/860155134155927552"
"859481631702339584","859471608322301952","834134874470625280","2017-05-02 18:56:04 +0000","<a href=""http://twitter.com/download/iphone"" rel=""nofollow"">Twitter for iPhone</a>","@SapphireMae13 If it involves chaos or devastation I'm all in!!","","","",""
"858765040287174660","","","2017-04-30 19:28:35 +0000","<a href=""http://twitter.com/download/iphone"" rel=""nofollow"">Twitter for iPhone</a>","This....made my afterlife... https://t.co/CxS79oawzU","","","","https://twitter.com/egsandrew/status/811460636253290496"
"858046888481894400","858039615734808578","745608207993712640","2017-04-28 19:54:54 +0000","<a href=""http://twitter.com/download/iphone"" rel=""nofollow"">Twitter for iPhone</a>","@EGS_Mackenzie Personally I don't care what anyone will think. We have what they don't. It's rare for me to give advice but wtf ever. Don't let it eat you.","","","",""
"858046567974133760","858039615734808578","745608207993712640","2017-04-28 19:53:38 +0000","<a href=""http://twitter.com/download/iphone"" rel=""nofollow"">Twitter for iPhone</a>","@EGS_Mackenzie Hey, if anything they'll hate all of us. I see it as a split vote. People will wanna follow us or they'll want our souls extinguished.","","","",""
"857308355857174528","857307902398386177","834134874470625280","2017-04-26 19:00:14 +0000","<a href=""http://twitter.com/download/iphone"" rel=""nofollow"">Twitter for iPhone</a>","@SapphireMae13 It's 2017, ANYTHING IS POSSIBLE NOW!","","","",""
"857306320063614977","","","2017-04-26 18:52:09 +0000","<a href=""http://twitter.com/download/iphone"" rel=""nofollow"">Twitter for iPhone</a>","I wanna know how many people have literally shot and killed themselves while they were sleeping. You know, sleepwalkers and shit?","","","",""
"856944882400755714","","","2017-04-25 18:55:55 +0000","<a href=""http://twitter.com/download/iphone"" rel=""nofollow"">Twitter for iPhone</a>","Being dead is 1,000,000,000,000 times better than being alive. If you only knew the power I have in this dimension as opposed to Earth.","","","",""
"856225479224950784","856218332646789120","834134874470625280","2017-04-23 19:17:16 +0000","<a href=""http://twitter.com/download/iphone"" rel=""nofollow"">Twitter for iPhone</a>","@SapphireMae13 There needs to be more people like you on Earth...You outshine the worthless fags who call themselves ""normal"".","","","",""
"856217277049569285","856204951051272193","834134874470625280","2017-04-23 18:44:41 +0000","<a href=""http://twitter.com/download/iphone"" rel=""nofollow"">Twitter for iPhone</a>","@SapphireMae13 We should talk more...","","","",""
"856174122862358529","","","2017-04-23 15:53:12 +0000","<a href=""http://twitter.com/download/iphone"" rel=""nofollow"">Twitter for iPhone</a>","I fucking hate black people.","","","",""
"855140783351111680","","","2017-04-20 19:27:05 +0000","<a href=""http://twitter.com/download/iphone"" rel=""nofollow"">Twitter for iPhone</a>","Pretty sure the parents of the kids would say, ""I liked you more when you were 'dead' than right now.""","","","",""
"855140404370571264","","","2017-04-20 19:25:34 +0000","<a href=""http://twitter.com/download/iphone"" rel=""nofollow"">Twitter for iPhone</a>","Imagine if Columbine was one massive senior prank that's lasted 18 years. Tomorrow when staff return to school they're all there, ""GOT yaa!""","","","",""
"855110481803169792","","","2017-04-20 17:26:40 +0000","<a href=""http://twitter.com/download/iphone"" rel=""nofollow"">Twitter for iPhone</a>","""Reb! There's a nigger over here...""","","","",""
"854954220881104896","","","2017-04-20 07:05:45 +0000","<a href=""http://twitter.com/download/iphone"" rel=""nofollow"">Twitter for iPhone</a>","Better believe it!! https://t.co/ubAVyrSVWd","","","","https://twitter.com/sapphiremae13/status/854934409375608832"
"854924861927510016","","","2017-04-20 05:09:05 +0000","<a href=""http://twitter.com/download/iphone"" rel=""nofollow"">Twitter for iPhone</a>","Hehehehhh ah-HAHAHAHAHA! Yess! 4/20 forever!","","","",""
"854412977851813888","854388929004539905","834134874470625280","2017-04-18 19:15:02 +0000","<a href=""http://twitter.com/download/iphone"" rel=""nofollow"">Twitter for iPhone</a>","@SapphireMae13 Shotgun..Shotgun...SHOTGUN!!! If you can handle a beast like that, that is.","","","",""
"854375383310925826","854362047290769411","834134874470625280","2017-04-18 16:45:39 +0000","<a href=""http://twitter.com/download/iphone"" rel=""nofollow"">Twitter for iPhone</a>","@SapphireMae13 You need to shoot more, it's healthy. üòà","","","",""
"854344032121737216","","","2017-04-18 14:41:04 +0000","<a href=""http://twitter.com"" rel=""nofollow"">Twitter Web Client</a>","Fucking idiots with guns! What more is there to say?? I wouldn't even dare waste a millisecond of my time teaching you worthless morons. https://t.co/rwBuWzedw1","","","","https://twitter.com/EGSrachael/status/854344032121737216/video/1"
"853330346817069056","","","2017-04-15 19:33:03 +0000","<a href=""http://twitter.com/download/iphone"" rel=""nofollow"">Twitter for iPhone</a>","Which was the worst?","","","",""
"852389648685051904","","","2017-04-13 05:15:03 +0000","<a href=""http://twitter.com/download/iphone"" rel=""nofollow"">Twitter for iPhone</a>","*Knock Knock* ""Who's there?"" ""Rachael Selenski"" *BANG!* üòà","","","",""
"851659455313977345","","","2017-04-11 04:53:31 +0000","<a href=""http://twitter.com/download/iphone"" rel=""nofollow"">Twitter for iPhone</a>","I guarantee there will come a day when multiple school shootings happen on April 20th. Maybe not 2017..but some day....","","","",""
"851631546687684608","","","2017-04-11 03:02:37 +0000","<a href=""http://twitter.com/download/iphone"" rel=""nofollow"">Twitter for iPhone</a>","Yesssss!!!","","","",""
"851631522696310784","","","2017-04-11 03:02:32 +0000","<a href=""http://twitter.com/download/iphone"" rel=""nofollow"">Twitter for iPhone</a>","Hahahahahhahahahahaha! Yessss!!!!","","","",""
"850939453312991232","","","2017-04-09 05:12:30 +0000","<a href=""http://twitter.com/download/iphone"" rel=""nofollow"">Twitter for iPhone</a>","Happy birthday, Eric Harris...Miss you.... #Reb","","","",""
"850708286160723968","","3462273137","2017-04-08 13:53:55 +0000","<a href=""http://twitter.com/download/iphone"" rel=""nofollow"">Twitter for iPhone</a>","@EGSandrew Way to go, Andrew! üòà","","","",""
"849887577075310593","849851902615576577","834134874470625280","2017-04-06 07:32:43 +0000","<a href=""http://twitter.com/download/iphone"" rel=""nofollow"">Twitter for iPhone</a>","@SapphireMae13 You don't wanna know.....üòà","","","",""
"849850659272830976","849701615221211136","834134874470625280","2017-04-06 05:06:01 +0000","<a href=""http://twitter.com/download/iphone"" rel=""nofollow"">Twitter for iPhone</a>","@SapphireMae13 I fucking hope so. üòí","","","",""
"849695923911495680","","","2017-04-05 18:51:09 +0000","<a href=""http://twitter.com/download/iphone"" rel=""nofollow"">Twitter for iPhone</a>","Earth will be completely void of life by the year 2200. There's no possible way that civilization can last 2 more centuries.","","","",""
"849695394560978944","","","2017-04-05 18:49:03 +0000","<a href=""http://twitter.com/download/iphone"" rel=""nofollow"">Twitter for iPhone</a>","I've never felt remorse over it. People are pathetic and weak, nothing more nothing less! I'd do all over again if I could.","","","",""
"849694942691766272","","","2017-04-05 18:47:15 +0000","<a href=""http://twitter.com/download/iphone"" rel=""nofollow"">Twitter for iPhone</a>","I killed my parents on the day of the Westborough High Massacre. Fuckers deserved to die. They brought me into that hellhole of a planet.","","","",""
"849694073632018432","849693127099207680","3462273137","2017-04-05 18:43:48 +0000","<a href=""http://twitter.com/download/iphone"" rel=""nofollow"">Twitter for iPhone</a>","@EGSandrew *We're the perfect storm of rage, toughness, dominance, beauty, and darkness. üòà","","","",""
"848790317507719168","848670570497572864","834134874470625280","2017-04-03 06:52:36 +0000","<a href=""http://twitter.com/download/iphone"" rel=""nofollow"">Twitter for iPhone</a>","@SapphireMae13 The way society works is every day another story happens. With so many shootings happening people lose interest in yours.","","","",""
"848789739901734912","848670570497572864","834134874470625280","2017-04-03 06:50:18 +0000","<a href=""http://twitter.com/download/iphone"" rel=""nofollow"">Twitter for iPhone</a>","@SapphireMae13 So they publicized that I was given capital punishment without a trial, since I obviously was 100% involved with killing students.","","","",""
"848789502822895616","848670570497572864","834134874470625280","2017-04-03 06:49:21 +0000","<a href=""http://twitter.com/download/iphone"" rel=""nofollow"">Twitter for iPhone</a>","@SapphireMae13 So they lied for a year saying they had ""Rachael Selenski in custody"", but over the year the story faded and I wasn't ""needed"" anymore.","","","",""
"848789328859934720","848670570497572864","834134874470625280","2017-04-03 06:48:40 +0000","<a href=""http://twitter.com/download/iphone"" rel=""nofollow"">Twitter for iPhone</a>","@SapphireMae13 No...That was some bullshit autopsy report that the government covered up to get some heat off of them for our massacre.","","","",""
"848152848475058176","","","2017-04-01 12:39:31 +0000","<a href=""http://twitter.com/download/iphone"" rel=""nofollow"">Twitter for iPhone</a>","Because..I mean...honestly..:..What's the point of growing old and weak? 14-30 are the best years to die. You'll thank me later.","","","",""
"848152448149716992","","","2017-04-01 12:37:56 +0000","<a href=""http://twitter.com/download/iphone"" rel=""nofollow"">Twitter for iPhone</a>","Virtually everyone in the EGS has lived and died from depression and suicide or was murdered. Choice is yours, Earth.","","","",""
"848151806148571136","","","2017-04-01 12:35:23 +0000","<a href=""http://twitter.com/download/iphone"" rel=""nofollow"">Twitter for iPhone</a>","Earth is one giant detox center used to turn you into a ""good, simple-minded robot."" Dont let them turn you.Yer better off killing yourself.","","","",""
"848151150755012608","","","2017-04-01 12:32:46 +0000","<a href=""http://twitter.com/download/iphone"" rel=""nofollow"">Twitter for iPhone</a>","I just love how society sees us as psychotic monsters. We're not psychotic, we're just ""us""; just being ourselves. Government's the monster.","","","",""
"847831457267679233","847477431501864960","3462273137","2017-03-31 15:22:26 +0000","<a href=""http://twitter.com/download/iphone"" rel=""nofollow"">Twitter for iPhone</a>","@EGSandrew Now you need a Wrath shirt!","","","",""
"847830721037299713","847811506200862721","834134874470625280","2017-03-31 15:19:30 +0000","<a href=""http://twitter.com/download/iphone"" rel=""nofollow"">Twitter for iPhone</a>","@SapphireMae13 Probably waiting for the 27 club.  üòí","","","",""
"847777709572882432","","","2017-03-31 11:48:51 +0000","<a href=""http://twitter.com/download/iphone"" rel=""nofollow"">Twitter for iPhone</a>","Maybe if we make a sacrifice to the ancient gods and goddesses we'll be able to see the Columbine Basement Tapes....Go kill Justin Bieber.","","","",""
"845896121213997057","845872582012391424","717892202987405312","2017-03-26 07:12:05 +0000","<a href=""http://twitter.com/download/iphone"" rel=""nofollow"">Twitter for iPhone</a>","@WDEVV7 Dylan and Eric are an exception.","","","",""
"845870782383357952","","","2017-03-26 05:31:24 +0000","<a href=""http://twitter.com/download/iphone"" rel=""nofollow"">Twitter for iPhone</a>","Mood. https://t.co/2eoigGTpti","","","","https://twitter.com/EGSrachael/status/845870782383357952/photo/1"
"845339516386885632","","","2017-03-24 18:20:21 +0000","<a href=""http://twitter.com/download/iphone"" rel=""nofollow"">Twitter for iPhone</a>","I like you...We need more souls like you around here! https://t.co/Oo6z1SrBd2","","","","https://twitter.com/sapphiremae13/status/845311680938696704"
"844978597328814081","","","2017-03-23 18:26:11 +0000","<a href=""http://twitter.com/download/iphone"" rel=""nofollow"">Twitter for iPhone</a>","I'm surprised most of America can dress their self.","","","",""
"844550966968025089","844234885548138499","834134874470625280","2017-03-22 14:06:56 +0000","<a href=""http://twitter.com/download/iphone"" rel=""nofollow"">Twitter for iPhone</a>","@SapphireMae13 STFU!","","","",""
"844128952822218755","","","2017-03-21 10:10:00 +0000","<a href=""http://twitter.com/download/iphone"" rel=""nofollow"">Twitter for iPhone</a>","What gives?!! Ohh....you're all gonna fucking die......üò° https://t.co/ZPuoiaAgoj","","","","https://twitter.com/egsworld/status/843889546316185600"
"843492963615457286","","","2017-03-19 16:02:48 +0000","<a href=""http://twitter.com/download/iphone"" rel=""nofollow"">Twitter for iPhone</a>","I could stare at Eric Harris and Dylan Klebold's suicide photos for hours.","","","",""
"843045477423702017","842799484031635457","2223359514","2017-03-18 10:24:39 +0000","<a href=""http://twitter.com/download/iphone"" rel=""nofollow"">Twitter for iPhone</a>","@sanders_bashan Bahahaha cops can't arrest a ghost, moron!","","","",""
"842795023892668418","842749061132378114","3462273137","2017-03-17 17:49:26 +0000","<a href=""http://twitter.com/download/iphone"" rel=""nofollow"">Twitter for iPhone</a>","@EGSandrew üòà","","","",""
"842442499876634625","","","2017-03-16 18:28:38 +0000","<a href=""http://twitter.com/download/iphone"" rel=""nofollow"">Twitter for iPhone</a>","Nothing will please me more than the day we all return to Earth and kill and enslave all of mankind.","","","",""
"842442088365064192","","","2017-03-16 18:27:00 +0000","<a href=""http://twitter.com/download/iphone"" rel=""nofollow"">Twitter for iPhone</a>","I doubt there would've been anyone on Earth that could've changed my direction and could've saved my life. Everyone on Earth is worthless.","","","",""
"842441553343877121","","","2017-03-16 18:24:52 +0000","<a href=""http://twitter.com/download/iphone"" rel=""nofollow"">Twitter for iPhone</a>","Sometimes I wonder what I could've become had I not hiked down the villainess trail and actually gave life a shot...pfft, probably suicidal.","","","",""
"840808071324680192","840370946905124865","2223359514","2017-03-12 06:14:00 +0000","<a href=""http://twitter.com/download/iphone"" rel=""nofollow"">Twitter for iPhone</a>","@sanders_bashan Kill yourself.","","","",""
"840594982813749250","","","2017-03-11 16:07:16 +0000","<a href=""http://twitter.com/download/iphone"" rel=""nofollow"">Twitter for iPhone</a>","Yet if souls like Mackenzie and Andrew so much as get a drop of mud splashed on them they freak. Bruh, it's not gonna kill you!","","","",""
"840594531754098689","","","2017-03-11 16:05:28 +0000","<a href=""http://twitter.com/download/iphone"" rel=""nofollow"">Twitter for iPhone</a>","I guess you could say I'm a tomboy. I don't mind gettin down and dirty, blood and guts, you know, you name it. Hell pour fish guts on me.","","","",""
"840594022750138368","","","2017-03-11 16:03:27 +0000","<a href=""http://twitter.com/download/iphone"" rel=""nofollow"">Twitter for iPhone</a>","Goddess burned me before she sent me to Earth cuz she knew I was pure evil. I don't ever wish to be ""cute"". Yer all sOOFFFt!","","","",""
"840593555261399040","","","2017-03-11 16:01:35 +0000","<a href=""http://twitter.com/download/iphone"" rel=""nofollow"">Twitter for iPhone</a>","I just accept the fact that I'm ugly; I don't go around social media whorring myself for sympathy. If you're ugly DEAL WITH IT!","","","",""
"839857974898274305","","","2017-03-09 15:18:39 +0000","<a href=""http://twitter.com/download/iphone"" rel=""nofollow"">Twitter for iPhone</a>","The only thing that would possibly look different is the size of the devilish grin on my face. üòà","","","",""
"839857328132349952","","","2017-03-09 15:16:05 +0000","<a href=""http://twitter.com/download/iphone"" rel=""nofollow"">Twitter for iPhone</a>","I'd do the 365 day pic challenge but I'd look the exact fucking same on 365 as I did on 1. I never age, bitch! #ForeverYoung","","","",""
"838692961856684032","838535062144626688","834134874470625280","2017-03-06 10:09:18 +0000","<a href=""http://twitter.com/download/iphone"" rel=""nofollow"">Twitter for iPhone</a>","@SapphireMae13 School's still standing so yeah. üòí You can't get everyone. Swat is too fast.","","","",""
"838518524918235136","","","2017-03-05 22:36:09 +0000","<a href=""http://twitter.com/download/iphone"" rel=""nofollow"">Twitter for iPhone</a>","Hear that, @SeattleNelson11? You're fucking pathetic! Oh wait, you can't cuz you're a pussy ass bitch! ü§£ü§£ü§£","","","",""
"838518181098569732","","","2017-03-05 22:34:47 +0000","<a href=""http://twitter.com/download/iphone"" rel=""nofollow"">Twitter for iPhone</a>","You never would've made it out of Westborough High alive. You're fucking pathetic.","","","",""
"838517760854491136","","","2017-03-05 22:33:07 +0000","<a href=""http://twitter.com/download/iphone"" rel=""nofollow"">Twitter for iPhone</a>","If you can't take a simple ""I don't fucking care"" criticism, you're never going to get anywhere, boy.","","","",""
"838516338146557953","","","2017-03-05 22:27:28 +0000","<a href=""http://twitter.com/download/iphone"" rel=""nofollow"">Twitter for iPhone</a>","Dude sends me a video. I say ""I don't fucking care"". *BLOCKED* Bahahahaha!!!","","","",""
"838515756694372352","","","2017-03-05 22:25:09 +0000","<a href=""http://twitter.com/download/iphone"" rel=""nofollow"">Twitter for iPhone</a>","What's wrong buddy? Idk what I expected from someone whose art looks like something a 5 year old made with Microsoft Paint. https://t.co/5mZ6s8YtKV","","","","https://twitter.com/EGSrachael/status/838515756694372352/photo/1"
"838335364343480320","837117473249898496","3294062208","2017-03-05 10:28:21 +0000","<a href=""http://twitter.com/download/iphone"" rel=""nofollow"">Twitter for iPhone</a>","@SeattleNelson11 I don't fucking care.","","","",""
"837686262630920192","","","2017-03-03 15:29:03 +0000","<a href=""http://twitter.com/download/iphone"" rel=""nofollow"">Twitter for iPhone</a>","You'll never age, and never grow old. You are my hero, Dylan Klebold.","","","",""
"837142781630038016","837128562121539586","3462273137","2017-03-02 03:29:27 +0000","<a href=""http://twitter.com/download/iphone"" rel=""nofollow"">Twitter for iPhone</a>","@EGSandrew #Jealous üòí","","","",""
"836911288429137920","836798279413284865","834134874470625280","2017-03-01 12:09:34 +0000","<a href=""http://twitter.com/download/iphone"" rel=""nofollow"">Twitter for iPhone</a>","@SapphireMae13 Three..Four..Blood is on the floor. üòè","","","",""
"836784623527018498","","","2017-03-01 03:46:15 +0000","<a href=""http://twitter.com/download/iphone"" rel=""nofollow"">Twitter for iPhone</a>","One..two..Rachael's comin' for youuu...","","","",""
"835293950101581824","835241316669861888","834134874470625280","2017-02-25 01:02:51 +0000","<a href=""http://twitter.com/download/iphone"" rel=""nofollow"">Twitter for iPhone</a>","@SapphireMae13 Don't doubt the shadow queen. üòà","","","",""
"835240159067189253","835190458083078144","834134874470625280","2017-02-24 21:29:06 +0000","<a href=""http://twitter.com/download/iphone"" rel=""nofollow"">Twitter for iPhone</a>","@SapphireMae13 I threatened to blow their faces off if they didn't turn their shit around. They heard me. üòè","","","",""
"834708733523537922","834588655163473921","834134874470625280","2017-02-23 10:17:24 +0000","<a href=""http://twitter.com/download/iphone"" rel=""nofollow"">Twitter for iPhone</a>","@SapphireMae13 Heh, you can ""legally"" üôÑ change it but it's a pain in the ass if you wanna add one letter. Finger prints, hearing, blah blah.","","","",""
"833340720425623552","833336283770478592","382881803","2017-02-19 15:41:25 +0000","<a href=""http://twitter.com/download/iphone"" rel=""nofollow"">Twitter for iPhone</a>","@junayet1 Sidney's worse.","","","",""
"833335645472960518","","","2017-02-19 15:21:15 +0000","<a href=""http://twitter.com/download/iphone"" rel=""nofollow"">Twitter for iPhone</a>","I'll always be there Westborough High..You may have mopped up all the blood but you'll never be able to sweep that body count under the rug.","","","",""
"832842404222869504","832841895835529216","745608207993712640","2017-02-18 06:41:17 +0000","<a href=""http://twitter.com/download/iphone"" rel=""nofollow"">Twitter for iPhone</a>","@EGS_Mackenzie That word makes me want to puke plasma. I don't make friends. I killed like two hundred kajillion people!","","","",""
"832839412367126528","832839083126882304","745608207993712640","2017-02-18 06:29:23 +0000","<a href=""http://twitter.com/download/iphone"" rel=""nofollow"">Twitter for iPhone</a>","@EGS_Mackenzie SHUT it..Pfft, what kind of a comeback was that? You really need to hang out with me sometime. I'll teach ya hardcore ones.","","","",""
"832838771313868802","832838204831195136","745608207993712640","2017-02-18 06:26:51 +0000","<a href=""http://twitter.com/download/iphone"" rel=""nofollow"">Twitter for iPhone</a>","@EGS_Mackenzie How 'bout I put a few slugs into those precious parents of yours? Too bad they're too old to get sent here. üòè","","","",""
"832837634498166784","832834838403174401","745608207993712640","2017-02-18 06:22:20 +0000","<a href=""http://twitter.com/download/iphone"" rel=""nofollow"">Twitter for iPhone</a>","@EGS_Mackenzie Eyy, who said my name? üòè What if I am?","","","",""
"832830714609594368","832828389329350657","3462273137","2017-02-18 05:54:50 +0000","<a href=""http://twitter.com/download/iphone"" rel=""nofollow"">Twitter for iPhone</a>","@EGSandrew One day...it'll happen...üòà","","","",""
"832392389851545600","","","2017-02-17 00:53:05 +0000","<a href=""http://twitter.com/download/iphone"" rel=""nofollow"">Twitter for iPhone</a>","Hey @EGS_Mackenzie, tell Shane to add you to the list! üòà https://t.co/4Ib14CyrHd","","","","https://twitter.com/shanedawson/status/832321344649916417"
"831463842072952833","831457787850809347","382881803","2017-02-14 11:23:22 +0000","<a href=""http://twitter.com/download/iphone"" rel=""nofollow"">Twitter for iPhone</a>","@junayet1 You don't get to die until I say you can die!","","","",""
"831443447051587584","831299010942021632","382881803","2017-02-14 10:02:19 +0000","<a href=""http://twitter.com/download/iphone"" rel=""nofollow"">Twitter for iPhone</a>","@junayet1 *shoots* üòí","","","",""
"831286882285780992","","","2017-02-13 23:40:11 +0000","<a href=""http://twitter.com/download/iphone"" rel=""nofollow"">Twitter for iPhone</a>","Roses are red Violets are blue My gun has a laser And it's aiming at you You can hide Or be a runner Wear yourself out Only makes it funner!","","","",""
"830017036105445376","","","2017-02-10 11:34:17 +0000","<a href=""http://twitter.com"" rel=""nofollow"">Twitter Web Client</a>","Who's ready to diiieeee??? #RachaelShadows #EGS #EmbersGhostSquad https://t.co/swiw2chGZ4","","","","https://twitter.com/EGSrachael/status/830017036105445376/photo/1"
"828453991537340416","","","2017-02-06 04:03:18 +0000","<a href=""http://twitter.com/download/iphone"" rel=""nofollow"">Twitter for iPhone</a>","I told ya NE would win didn't I? https://t.co/k4uDYrx6IH","","","","https://twitter.com/EGSrachael/status/828453991537340416/photo/1"
"828445691542372359","","","2017-02-06 03:30:19 +0000","<a href=""http://twitter.com/download/iphone"" rel=""nofollow"">Twitter for iPhone</a>","New England, you live to see another day.","","","",""
"828444860504010754","","","2017-02-06 03:27:01 +0000","<a href=""http://twitter.com/download/iphone"" rel=""nofollow"">Twitter for iPhone</a>","WHAAAT NOOWWW??!!!","","","",""
"828443453310763013","","","2017-02-06 03:21:25 +0000","<a href=""http://twitter.com/download/iphone"" rel=""nofollow"">Twitter for iPhone</a>","Throw a TD Tommy...","","","",""
"828441808216666112","","","2017-02-06 03:14:53 +0000","<a href=""http://twitter.com/download/iphone"" rel=""nofollow"">Twitter for iPhone</a>","That's right motha fuckas..","","","",""
"828440184266043393","","","2017-02-06 03:08:26 +0000","<a href=""http://twitter.com/download/iphone"" rel=""nofollow"">Twitter for iPhone</a>","WOOOOOOO!!!!","","","",""
"828433785200979969","","","2017-02-06 02:43:00 +0000","<a href=""http://twitter.com/download/iphone"" rel=""nofollow"">Twitter for iPhone</a>","GAMEEE ONNNN MOTHAAA FUCCKAAAS!!!","","","",""
"828430470056706048","","","2017-02-06 02:29:50 +0000","<a href=""http://twitter.com/download/iphone"" rel=""nofollow"">Twitter for iPhone</a>","Tick tock NE...","","","",""
"828421712949686272","","","2017-02-06 01:55:02 +0000","<a href=""http://twitter.com/download/iphone"" rel=""nofollow"">Twitter for iPhone</a>","Thanks NE, you cunts.","","","",""
"828411401362366464","","","2017-02-06 01:14:03 +0000","<a href=""http://twitter.com/download/iphone"" rel=""nofollow"">Twitter for iPhone</a>","You better turn shit around in the second half and win it NE or I'll blow your faces off!","","","",""
"828409239198654464","","","2017-02-06 01:05:28 +0000","<a href=""http://twitter.com/download/iphone"" rel=""nofollow"">Twitter for iPhone</a>","Wtf are you doing, NE??!","","","",""
"828373219568652289","","","2017-02-05 22:42:20 +0000","<a href=""http://twitter.com"" rel=""nofollow"">Twitter Web Client</a>","Enjoy the game, humans.... https://t.co/F3EExj07Kg","","","","https://twitter.com/EGSrachael/status/828373219568652289/video/1"
"828184330656739329","","","2017-02-05 10:11:46 +0000","<a href=""http://twitter.com/download/iphone"" rel=""nofollow"">Twitter for iPhone</a>","I am who I am. Have a problem with it and I'll blow your fucking face off.","","","",""
"827594085976461313","827593003233583104","759076377505239049","2017-02-03 19:06:20 +0000","<a href=""http://twitter.com/download/iphone"" rel=""nofollow"">Twitter for iPhone</a>","@EGSfroggy @sanders_bashan Meh, I'm just honest.","","","",""
"827589468462907392","827542241178742785","2223359514","2017-02-03 18:47:59 +0000","<a href=""http://twitter.com/download/iphone"" rel=""nofollow"">Twitter for iPhone</a>","@sanders_bashan Sounds like I should come up with something to keep Sid busy...üòè","","","",""
"827451126018613249","827360108313247745","2223359514","2017-02-03 09:38:16 +0000","<a href=""http://twitter.com/download/iphone"" rel=""nofollow"">Twitter for iPhone</a>","@sanders_bashan You're retarded if you think that's the answer. üòí Take it out on them not yourself.","","","",""
"826558285180465152","826386053720326148","3487747455","2017-01-31 22:30:26 +0000","<a href=""http://twitter.com/download/iphone"" rel=""nofollow"">Twitter for iPhone</a>","@EGScelesta I'll drink to that.","","","",""
"826557976584548352","826557485502910466","745608207993712640","2017-01-31 22:29:12 +0000","<a href=""http://twitter.com/download/iphone"" rel=""nofollow"">Twitter for iPhone</a>","@EGS_Mackenzie Whatever. Idk why I'm even wasting my time talking to you on this shit. üòí","","","",""
"826555089603137537","826546410698874880","382881803","2017-01-31 22:17:44 +0000","<a href=""http://twitter.com/download/iphone"" rel=""nofollow"">Twitter for iPhone</a>","@junayet1 @EGS_Mackenzie I know who it was. üòí Andrew doesn't need someone who doesn't give anything in return. #DeadWeight","","","",""
"825747498899763200","825745805940232194","3462273137","2017-01-29 16:48:40 +0000","<a href=""http://twitter.com/download/iphone"" rel=""nofollow"">Twitter for iPhone</a>","@EGSandrew Not enough. üòè","","","",""
"825333653697871872","","","2017-01-28 13:24:11 +0000","<a href=""http://twitter.com/download/iphone"" rel=""nofollow"">Twitter for iPhone</a>","Doubt they would've popped more than five people.","","","",""
"825333556817883137","","","2017-01-28 13:23:48 +0000","<a href=""http://twitter.com/download/iphone"" rel=""nofollow"">Twitter for iPhone</a>","14 and 13 year olds got busted for conspiring a Columbine inspired massacre. Tsk, tsk..gotta be slyer than that boys...üòè","","","",""
"824549450089660416","","","2017-01-26 09:28:02 +0000","<a href=""http://twitter.com/download/iphone"" rel=""nofollow"">Twitter for iPhone</a>","Legend has it you can still hear screams at Westborough High after dark. Usually around 1-3am. üòè","","","",""
"824549011625484289","","","2017-01-26 09:26:18 +0000","<a href=""http://twitter.com/download/iphone"" rel=""nofollow"">Twitter for iPhone</a>","Take away your cleavage and you're NOTHING! Idk where you are today but I hope your skin is rotting like burns from an acid wound.","","","",""
"824548401924739072","","","2017-01-26 09:23:53 +0000","<a href=""http://twitter.com/download/iphone"" rel=""nofollow"">Twitter for iPhone</a>","Haley Carmichael was a whore who flashed her shit all over town like she was the hottest thing since sliced bread.","","","",""
"824547984985710592","","","2017-01-26 09:22:13 +0000","<a href=""http://twitter.com/download/iphone"" rel=""nofollow"">Twitter for iPhone</a>","There were a lot of worthless kids in my school but Jared, Haley, Jennifer, and Tony were the biggest waste of space on planet Earth.","","","",""
"824202719942639622","824199588856942598","3462273137","2017-01-25 10:30:16 +0000","<a href=""http://twitter.com/download/iphone"" rel=""nofollow"">Twitter for iPhone</a>","@EGSandrew I've seen them. They're retards.","","","",""
"823652701288402946","","","2017-01-23 22:04:41 +0000","<a href=""http://twitter.com/download/iphone"" rel=""nofollow"">Twitter for iPhone</a>","Guns, the best damn thing society ever invented! https://t.co/6eeHCCqA86","","","","https://twitter.com/EGSrachael/status/823652701288402946/photo/1"
"823279829890060288","823277930474274816","3462273137","2017-01-22 21:23:01 +0000","<a href=""http://twitter.com/download/iphone"" rel=""nofollow"">Twitter for iPhone</a>","@EGSandrew Meh, not bad.","","","",""
"823270132512358401","823247104004988928","3462273137","2017-01-22 20:44:29 +0000","<a href=""http://twitter.com/download/iphone"" rel=""nofollow"">Twitter for iPhone</a>","@EGSandrew Make one of me dammit!","","","",""
"822570279062958080","822569763540963328","3490782975","2017-01-20 22:23:31 +0000","<a href=""http://twitter.com/download/iphone"" rel=""nofollow"">Twitter for iPhone</a>","@EGSalex If you weren't dead I'd gladly put a nice gaping hole in that massive brain of yours...","","","",""
"822569377895743488","822568820153913345","3490782975","2017-01-20 22:19:56 +0000","<a href=""http://twitter.com/download/iphone"" rel=""nofollow"">Twitter for iPhone</a>","@EGSalex No it's just you of all souls saying it. XD A puny weak girl like you shouldn't say ""whack"".","","","",""
"822568446269526016","822567589801037824","3490782975","2017-01-20 22:16:14 +0000","<a href=""http://twitter.com/download/iphone"" rel=""nofollow"">Twitter for iPhone</a>","@EGSalex I'm sorry but you saying ""whacked"" just makes me laugh like a school girl. üòÇüòÇüòÇ","","","",""
"822493386972098560","822484000853946369","3462273137","2017-01-20 17:17:59 +0000","<a href=""http://twitter.com/download/iphone"" rel=""nofollow"">Twitter for iPhone</a>","@EGSandrew Dude imagine if one of those guys holding rifles just threw their life away to assassinate Trump.","","","",""
"817820716947148803","","","2017-01-07 19:50:27 +0000","<a href=""http://twitter.com/download/iphone"" rel=""nofollow"">Twitter for iPhone</a>","I bet if I held a gun to your heads you'd still spell it wrong.","","","",""
"817820445563035649","","","2017-01-07 19:49:23 +0000","<a href=""http://twitter.com/download/iphone"" rel=""nofollow"">Twitter for iPhone</a>","Put an 'A' in it or I'll kick YOUR 'A'!","","","",""
"817820258404810752","","","2017-01-07 19:48:38 +0000","<a href=""http://twitter.com/download/iphone"" rel=""nofollow"">Twitter for iPhone</a>","God dammit, I fucking hate it when people spell my damn name wrong! It's RACHAEL! RAAA-CHAAAAAAEEEELLLLL! Fuck! Rachel is just lame.","","","",""
"817646461747953664","","","2017-01-07 08:18:02 +0000","<a href=""http://twitter.com/download/iphone"" rel=""nofollow"">Twitter for iPhone</a>","One...two...we're coming for you...  https://t.co/IGV3PsdQnc","","","","https://www.youtube.com/watch?v=D8EMARpWBuk"
"817439562012053504","","","2017-01-06 18:35:53 +0000","<a href=""http://twitter.com/download/iphone"" rel=""nofollow"">Twitter for iPhone</a>","Ooh, a shooting in Ft Lauderdale? Siiiiickkkk. üëèüèªüòà","","","",""
"817286214650908672","817285892918439936","3462273137","2017-01-06 08:26:32 +0000","<a href=""http://twitter.com/download/iphone"" rel=""nofollow"">Twitter for iPhone</a>","@EGSandrew Dude I don't even remember. üòÜ","","","",""
"817282174831316992","","","2017-01-06 08:10:29 +0000","<a href=""http://twitter.com/download/iphone"" rel=""nofollow"">Twitter for iPhone</a>","The human race is always all talk and no show. If I say I'm gonna kill somebody I legit mean it. üòí","","","",""
"817105050317234177","817102492018294787","3462273137","2017-01-05 20:26:39 +0000","<a href=""http://twitter.com/download/iphone"" rel=""nofollow"">Twitter for iPhone</a>","@EGSandrew ""I hate the fucking world. Too many god damn fuckers in it."" Instantly hooked.","","","",""
"816168466965233665","","","2017-01-03 06:25:00 +0000","<a href=""http://twitter.com/download/iphone"" rel=""nofollow"">Twitter for iPhone</a>","I am the shadow of your darkest hour.","","","",""
"815474624217677824","","","2017-01-01 08:27:55 +0000","<a href=""http://twitter.com/download/iphone"" rel=""nofollow"">Twitter for iPhone</a>","lol some dude who doesn't even speak English just followed me. Wtf?","","","",""
"815275886077419520","","","2016-12-31 19:18:12 +0000","<a href=""http://twitter.com"" rel=""nofollow"">Twitter Web Client</a>","Ohhh Jennifer...We could've been pals...If only you weren't so fucking whory on your social media...It was a passing thought, but FUCK YOU. https://t.co/3H0vqHY7xL","","","","https://twitter.com/EGSrachael/status/815275886077419520/photo/1"
"815274204840988672","","","2016-12-31 19:11:32 +0000","<a href=""http://twitter.com"" rel=""nofollow"">Twitter Web Client</a>","RT @EGSandrew: Knock, knock. Who's there? Rachael. Rachael who? Rachael Shadows. BANG! @EGSrachael","815226797818335233","3462273137","2016-12-31 16:03:09 +0000",""
"813122046167285760","813120982454046720","745608207993712640","2016-12-25 20:39:37 +0000","<a href=""http://twitter.com/download/iphone"" rel=""nofollow"">Twitter for iPhone</a>","@EGS_Mackenzie Wtf ever..I've had enough of this shit for one night. Come back when you've manned the fuck up. CRAWL BACK.","","","",""
"813121443215052804","813120982454046720","745608207993712640","2016-12-25 20:37:13 +0000","<a href=""http://twitter.com/download/iphone"" rel=""nofollow"">Twitter for iPhone</a>","@EGS_Mackenzie IT'S BEEN 13 FUCKING YEARS! FUCK! You seriously STILL pour your eyes out over being murdered??? Who cares?! You're free now!","","","",""
"813120337189765124","813119195080773632","745608207993712640","2016-12-25 20:32:50 +0000","<a href=""http://twitter.com/download/iphone"" rel=""nofollow"">Twitter for iPhone</a>","@EGS_Mackenzie Mommy and daddy have gotten by just fine without you around for 13 years. They've moved on. QUIT YOUR BITCHING.","","","",""
"813119937418063876","813119195080773632","745608207993712640","2016-12-25 20:31:14 +0000","<a href=""http://twitter.com/download/iphone"" rel=""nofollow"">Twitter for iPhone</a>","@EGS_Mackenzie That give me a purpose; to kill everyone in my path. You're worthless and you always will be. Get the fuck over it already.","","","",""
"813119605870825472","813119195080773632","745608207993712640","2016-12-25 20:29:55 +0000","<a href=""http://twitter.com/download/iphone"" rel=""nofollow"">Twitter for iPhone</a>","@EGS_Mackenzie Typical. No fucking words. üòí You know what M? If you went to Westborough I'd have shot you dead. It's whiny shits like you","","","",""
"813118565133991936","813117972222984194","745608207993712640","2016-12-25 20:25:47 +0000","<a href=""http://twitter.com/download/iphone"" rel=""nofollow"">Twitter for iPhone</a>","@EGS_Mackenzie Gimme a fucking break. All you ever do is CRY! CRY! CRY! Are you 30 or are you 3? Fuck.","","","",""
"813117703825276928","813117067276746752","745608207993712640","2016-12-25 20:22:22 +0000","<a href=""http://twitter.com/download/iphone"" rel=""nofollow"">Twitter for iPhone</a>","@EGS_Mackenzie Do you always have to pour your tears out all over everyone and try to make them feel sorry for you?? #CryBabyMackenzie","","","",""
"813114618864345088","","","2016-12-25 20:10:06 +0000","<a href=""http://twitter.com/download/iphone"" rel=""nofollow"">Twitter for iPhone</a>","Hooray, Christmas...a day full of celebrating two people who don't exist. üòëüòí","","","",""
"811305837226557440","","","2016-12-20 20:22:39 +0000","<a href=""http://twitter.com/download/iphone"" rel=""nofollow"">Twitter for iPhone</a>","Life was never all that great to begin with anyway. It's the second life that counts; the afterlife.","","","",""
"811305628870344704","","","2016-12-20 20:21:49 +0000","<a href=""http://twitter.com/download/iphone"" rel=""nofollow"">Twitter for iPhone</a>","If people are giving you shit in your life, conspire sinister plans to get your revenge. If you lose your life in the process, so be it.","","","",""
"811305026941489157","","","2016-12-20 20:19:26 +0000","<a href=""http://twitter.com/download/iphone"" rel=""nofollow"">Twitter for iPhone</a>","It's only a matter of time before we spawn followers of our own. Harris and Klebold inspired us. I hope we do the same for other humans.","","","",""
"811304534060503041","","","2016-12-20 20:17:28 +0000","<a href=""http://twitter.com/download/iphone"" rel=""nofollow"">Twitter for iPhone</a>","We're all given a chance to do something great in our lives. Shooting/blowing up worthless sacks of shit like you IS that something for us.","","","",""
"811304085303521281","","","2016-12-20 20:15:41 +0000","<a href=""http://twitter.com/download/iphone"" rel=""nofollow"">Twitter for iPhone</a>","I think it's obvious that no matter how hard you humans try to stop gun violence, you only end up digging yourselves into deeper trouble.","","","",""
"809858771602305024","","","2016-12-16 20:32:32 +0000","<a href=""http://twitter.com/download/iphone"" rel=""nofollow"">Twitter for iPhone</a>","Westborough High, how's it going? Still have some blood stains in your classrooms? üòà","","","",""
"809687602169335809","808914550623965184","3462273137","2016-12-16 09:12:22 +0000","<a href=""http://twitter.com/download/iphone"" rel=""nofollow"">Twitter for iPhone</a>","@EGSandrew I wish. üòí","","","",""
"809687429770838016","","","2016-12-16 09:11:41 +0000","<a href=""http://twitter.com/download/iphone"" rel=""nofollow"">Twitter for iPhone</a>","RT @EGSandrew: Eric Harris and Dylan Klebold should've killed hundreds.","808914550623965184","3462273137","2016-12-14 06:00:32 +0000",""
"809687406546915328","","","2016-12-16 09:11:35 +0000","<a href=""http://twitter.com/download/iphone"" rel=""nofollow"">Twitter for iPhone</a>","RT @EGSandrew: We need more mass school shootings. Fuckers need to step up their game with the body count totals.","808911294212505601","3462273137","2016-12-14 05:47:36 +0000",""
"806420249272840192","","","2016-12-07 08:49:04 +0000","<a href=""http://twitter.com/download/iphone"" rel=""nofollow"">Twitter for iPhone</a>","The human race may be stupid but inventing guns was by far the smartest thing they've ever done. üòèüòà","","","",""
"806019601494577152","805874679365980162","3462273137","2016-12-06 06:17:02 +0000","<a href=""http://twitter.com/download/iphone"" rel=""nofollow"">Twitter for iPhone</a>","@EGSandrew ..okay..more like 20 times...","","","",""
"806019481394966528","805874679365980162","3462273137","2016-12-06 06:16:34 +0000","<a href=""http://twitter.com/download/iphone"" rel=""nofollow"">Twitter for iPhone</a>","@EGSandrew I did that once. üòè","","","",""
"803848110061522944","","","2016-11-30 06:28:18 +0000","<a href=""http://twitter.com/download/iphone"" rel=""nofollow"">Twitter for iPhone</a>","Nothing lasts forever. Our time will come.","","","",""
"803847800685469696","","","2016-11-30 06:27:05 +0000","<a href=""http://twitter.com/download/iphone"" rel=""nofollow"">Twitter for iPhone</a>","In the end, evil will overpower all that is good, and be the gold standard of living.","","","",""
"803225666053349376","803187388583383040","3462273137","2016-11-28 13:14:56 +0000","<a href=""http://twitter.com/download/iphone"" rel=""nofollow"">Twitter for iPhone</a>","@EGSandrew Well it is here. You mean on Earth?","","","",""
"798513386489188354","","","2016-11-15 13:10:01 +0000","<a href=""http://twitter.com/download/iphone"" rel=""nofollow"">Twitter for iPhone</a>","Remorse is an illusion.","","","",""
"795331460202921984","795227619641823232","382881803","2016-11-06 18:26:11 +0000","<a href=""http://twitter.com/download/iphone"" rel=""nofollow"">Twitter for iPhone</a>","@junayet1 lmao","","","",""
"795225696956272640","795216623175016449","382881803","2016-11-06 11:25:55 +0000","<a href=""http://twitter.com/download/iphone"" rel=""nofollow"">Twitter for iPhone</a>","@junayet1 Try me, asshole.","","","",""
"795182211888803840","795181907231248384","3485724075","2016-11-06 08:33:07 +0000","<a href=""http://twitter.com/download/iphone"" rel=""nofollow"">Twitter for iPhone</a>","@EGSSidney @junayet1 Sorry I don't do that. üòí","","","",""
"795180643860811776","794915268136812544","382881803","2016-11-06 08:26:53 +0000","<a href=""http://twitter.com/download/iphone"" rel=""nofollow"">Twitter for iPhone</a>","@junayet1 Hey..you're cute. How bout I shove some scissors down your throat? üòè","","","",""
"793755035322707968","","","2016-11-02 10:02:02 +0000","<a href=""http://twitter.com/download/iphone"" rel=""nofollow"">Twitter for iPhone</a>","I'm not a bad person....ü§îNo wait, yes I am. üòåüòà","","","",""
"791717287875272704","","","2016-10-27 19:04:45 +0000","<a href=""http://twitter.com/download/iphone"" rel=""nofollow"">Twitter for iPhone</a>","I'm kind of blocky but it's rad I guess. I do love me some me. üòè #FanArt https://t.co/SO9f8M1AB5","","","","https://twitter.com/EGSRachael/status/791717287875272704/photo/1"
"788791693034258432","","","2016-10-19 17:19:29 +0000","<a href=""http://twitter.com/download/iphone"" rel=""nofollow"">Twitter for iPhone</a>","Natural Born Killer. üòà https://t.co/KTwFjNCAtV","","","","https://twitter.com/EGSRachael/status/788791693034258432/photo/1"
"787193745951297536","787192269870886913","3462273137","2016-10-15 07:29:49 +0000","<a href=""http://twitter.com/download/iphone"" rel=""nofollow"">Twitter for iPhone</a>","@EGSAndrew Needs to be higher...üòè","","","",""
"785429236215640064","","","2016-10-10 10:38:17 +0000","<a href=""http://twitter.com/download/iphone"" rel=""nofollow"">Twitter for iPhone</a>","You've got a partner. üòà https://t.co/VItb1Js55I","","","","https://twitter.com/egsandrew/status/785416550610264064"
"783715361464152064","783677493395988480","3462273137","2016-10-05 17:07:57 +0000","<a href=""http://twitter.com/download/iphone"" rel=""nofollow"">Twitter for iPhone</a>","@EGSAndrew hahahaha right?!","","","",""
"783615959500218369","","","2016-10-05 10:32:58 +0000","<a href=""http://twitter.com/download/iphone"" rel=""nofollow"">Twitter for iPhone</a>","I'm the shadow that lurks in the darkest corners of your homes...watching...analyzing.....conspiring.....","","","",""
"783204301544062977","783174691812958208","3490782975","2016-10-04 07:17:11 +0000","<a href=""http://twitter.com/download/iphone"" rel=""nofollow"">Twitter for iPhone</a>","@EGSAllegro üòà","","","",""
"783019824863739904","","","2016-10-03 19:04:08 +0000","<a href=""http://twitter.com/download/iphone"" rel=""nofollow"">Twitter for iPhone</a>","I wonder where Tony is right now? Probably floating in an abyss of nothingness. You're welcome buddy....HAHAHAHAHAHAAA!!!","","","",""
"779040324341686274","","","2016-09-22 19:31:01 +0000","<a href=""http://twitter.com/download/iphone"" rel=""nofollow"">Twitter for iPhone</a>","Surrounded by a pool of blood and limbs. Guess you should've pulled your pants up boy. You could've lived. Hahahahahahahahaha!!!","","","",""
"779040016026787841","","","2016-09-22 19:29:48 +0000","<a href=""http://twitter.com/download/iphone"" rel=""nofollow"">Twitter for iPhone</a>","Then I'll just float and watch you suffer until your very last gasp for air. Your last moments will be filled with evil maniacal laughter.","","","",""
"779039290009460736","","","2016-09-22 19:26:55 +0000","<a href=""http://twitter.com/download/iphone"" rel=""nofollow"">Twitter for iPhone</a>","First I'll incapacitate you. Next I'll butcher you. Then I'll revive you before the blood loss kills you. And then I'll steal your drugs.","","","",""
"779038662273138688","","","2016-09-22 19:24:25 +0000","<a href=""http://twitter.com/download/iphone"" rel=""nofollow"">Twitter for iPhone</a>","You're not cool. You're not special. You're a worthless sack of shit who needs to be punished...And my punishments result in death...","","","",""
"779038084235132928","","","2016-09-22 19:22:07 +0000","<a href=""http://twitter.com/download/iphone"" rel=""nofollow"">Twitter for iPhone</a>","You expose your ass like that then you're just asking to lose it. Fucking pricks need to hang by their intestines.","","","",""
"779037775576309760","","","2016-09-22 19:20:54 +0000","<a href=""http://twitter.com/download/iphone"" rel=""nofollow"">Twitter for iPhone</a>","I'm killing anyone I see walking around with their pants hanging 4 inches below their ass today. Not for the squad, just for enjoyment.","","","",""
"778859619187879936","","3462273137","2016-09-22 07:32:58 +0000","<a href=""http://twitter.com/download/iphone"" rel=""nofollow"">Twitter for iPhone</a>","@EGSAndrew Let's kill him. It'd be a snap. Come on...Humans are weak. Their fight or flight can't always save them.","","","",""
"775787473729314816","775786076946300928","759076377505239049","2016-09-13 20:05:21 +0000","<a href=""http://twitter.com/download/iphone"" rel=""nofollow"">Twitter for iPhone</a>","@EGSFroggy @EGSAndrew Froggy..get out of my feed before I blow your head off!","","","",""
"775784630033133568","775780359770214400","3462273137","2016-09-13 19:54:03 +0000","<a href=""http://twitter.com/download/iphone"" rel=""nofollow"">Twitter for iPhone</a>","@EGSAndrew I'm surprised you even have any left üòÜ","","","",""
"775725949119782912","","","2016-09-13 16:00:53 +0000","<a href=""http://twitter.com/download/iphone"" rel=""nofollow"">Twitter for iPhone</a>","On the 13th of every month I travel back to Earth and discreetly murder 13 people. If one of your friends goes missing, I'm not sorry.","","","",""
"774677689919737856","","","2016-09-10 18:35:28 +0000","<a href=""http://twitter.com/download/iphone"" rel=""nofollow"">Twitter for iPhone</a>","Miserable....I want to fucking shoot someone...","","","",""
"773422236447432704","773421126986981376","3462273137","2016-09-07 07:26:45 +0000","<a href=""http://twitter.com/download/iphone"" rel=""nofollow"">Twitter for iPhone</a>","@EGSAndrew It should've been permanent... üòëüò°","","","",""
"769980144073203713","","","2016-08-28 19:29:06 +0000","<a href=""http://twitter.com/download/iphone"" rel=""nofollow"">Twitter for iPhone</a>","Life tip one...put a pistol in your mouth and good things will come your way...","","","",""
"766868023588290561","766859174747701248","3462273137","2016-08-20 05:22:39 +0000","<a href=""http://twitter.com/download/iphone"" rel=""nofollow"">Twitter for iPhone</a>","@EGSAndrew Give me a call if you need a hand. üòâ","","","",""
"765809639581712385","765781005458374660","3462273137","2016-08-17 07:17:00 +0000","<a href=""http://twitter.com/download/iphone"" rel=""nofollow"">Twitter for iPhone</a>","@EGSAndrew My cat ran away once in middle school and got hit by a car. Fucker deserved it.","","","",""
"765451343049949184","","","2016-08-16 07:33:16 +0000","<a href=""http://twitter.com/download/iphone"" rel=""nofollow"">Twitter for iPhone</a>","I so wanna turn back time and relive the massacre. It was the most magical feeling I ever experienced...It was so..short lived....","","","",""
"763995704884736000","","","2016-08-12 07:09:05 +0000","<a href=""http://twitter.com/download/iphone"" rel=""nofollow"">Twitter for iPhone</a>","I'm not a bad person, I'm just on a level above you.","","","",""
"761826163530600448","","","2016-08-06 07:28:06 +0000","<a href=""http://twitter.com/download/iphone"" rel=""nofollow"">Twitter for iPhone</a>","Destiny is never officially completed. It is an eternal fulfillment that everyone carries until the end of time.","","","",""
"759476389875769344","759474079418179584","3462273137","2016-07-30 19:50:56 +0000","<a href=""http://twitter.com/download/iphone"" rel=""nofollow"">Twitter for iPhone</a>","@EGSAndrew I wouldn't count on them finding our world. The way their technology is it'll be centuries before they can peer into dimensions.","","","",""
"759475983586062340","759474079418179584","3462273137","2016-07-30 19:49:19 +0000","<a href=""http://twitter.com/download/iphone"" rel=""nofollow"">Twitter for iPhone</a>","@EGSAndrew Heh..humans will do anything to dismiss ""nonsense"". They only see what they were trained to see as infants. They're so oblivious.","","","",""
"759471021762183168","759439714558603266","3462273137","2016-07-30 19:29:36 +0000","<a href=""http://twitter.com/download/iphone"" rel=""nofollow"">Twitter for iPhone</a>","@EGSAndrew You know it. üòè Earth has another wave of disasters heading its way; I can sense it. I'm dying for more.","","","",""
"759426537095434240","","","2016-07-30 16:32:50 +0000","<a href=""http://twitter.com"" rel=""nofollow"">Twitter Web Client</a>","Nothing pleases me more than seeing Earth suffer...","","","",""